Temp,enthalpy,entropy,Sp.vol,pressure
-50,1391.186,6.4396,2627.7756,40.84
-45,1402.027,6.4877,2690.8291,40.84
-40,1412.785,6.5343,2753.4876,40.84
-35,1423.476,6.5797,2815.8111,40.84
-30,1434.116,6.6239,2877.849,40.84
-25,1444.717,6.6671,2939.6421,40.84
-20,1455.289,6.7092,3001.2246,40.84
-15,1465.841,6.7505,3062.6249,40.84
-10,1476.38,6.7909,3123.8671,40.84
-5,1486.913,6.8306,3184.9713,40.84
0,1497.446,6.8695,3245.9546,40.84
5,1507.984,6.9077,3306.8316,40.84
-45,1399.594,6.3384,2007.1027,54.49
-40,1410.584,6.386,2054.8351,54.49
-35,1421.477,6.4323,2102.2216,54.49
-30,1432.293,6.4772,2149.3139,54.49
-25,1443.047,6.521,2196.1549,54.49
-20,1453.754,6.5637,2242.7801,54.49
-15,1464.426,6.6055,2289.2191,54.49
-10,1475.071,6.6463,2335.4967,54.49
-5,1485.699,6.6863,2381.6337,54.49
0,1496.316,6.7255,2427.6479,54.49
5,1506.929,6.7641,2473.5542,54.49
10,1517.544,6.8019,2519.3653,54.49
-40,1407.763,6.2425,1553.3015,71.69
-35,1418.919,6.2899,1589.9925,71.69
-30,1429.964,6.3358,1626.3779,71.69
-25,1440.918,6.3804,1662.5033,71.69
-20,1451.8,6.4238,1698.406,71.69
-15,1462.626,6.4661,1734.1172,71.69
-10,1473.408,6.5075,1769.6628,71.69
-5,1484.157,6.548,1805.0646,71.69
0,1494.882,6.5876,1840.3408,71.69
5,1505.592,6.6264,1875.5071,71.69
10,1516.294,6.6646,1910.5765,71.69
15,1526.994,6.702,1945.5604,71.69
-35,1415.675,6.1516,1216.7791,93.1
-30,1427.016,6.1987,1245.3904,93.1
-25,1438.228,6.2443,1273.7301,93.1
-20,1449.336,6.2887,1301.8381,93.1
-15,1460.359,6.3318,1329.7477,93.1
-10,1471.316,6.3738,1357.4862,93.1
-5,1482.22,6.4149,1385.0766,93.1
0,1493.083,6.455,1412.538,93.1
5,1503.916,6.4943,1439.8868,93.1
10,1514.728,6.5328,1467.1366,93.1
15,1525.527,6.5706,1494.2991,93.1
20,1536.319,6.6078,1521.3844,93.1
-30,1423.311,6.0651,963.9667,119.43
-25,1434.856,6.1121,986.5824,119.43
-20,1446.253,6.1576,1008.9544,119.43
-15,1457.529,6.2017,1031.1188,119.43
-10,1468.708,6.2446,1053.105,119.43
-5,1479.808,6.2863,1074.9375,119.43
0,1490.845,6.3271,1096.6368,119.43
5,1501.834,6.367,1118.2199,119.43
10,1512.785,6.406,1139.7013,119.43
15,1523.708,6.4443,1161.0933,119.43
20,1534.613,6.4818,1182.4062,119.43
25,1545.506,6.5186,1203.6491,119.43
-25,1430.652,5.9827,771.6731,151.47
-20,1442.42,6.0297,789.7789,151.47
-15,1454.019,6.0751,807.6648,151.47
-10,1465.481,6.119,825.3633,151.47
-5,1476.829,6.1617,842.9009,151.47
0,1488.086,6.2033,860.2996,151.47
5,1499.27,6.2439,877.5778,151.47
10,1510.395,6.2836,894.7508,151.47
15,1521.474,6.3223,911.8316,151.47
20,1532.519,6.3603,928.8312,151.47
25,1543.538,6.3976,945.7589,151.47
30,1554.541,6.4342,962.6227,151.47
-20,1437.677,5.9041,623.7291,190.08
-15,1449.69,5.9511,638.4,190.08
-10,1461.51,5.9965,652.8712,190.08
-5,1473.173,6.0404,667.1721,190.08
0,1484.707,6.083,681.3269,190.08
5,1496.135,6.1244,695.3555,190.08
10,1507.477,6.1649,709.2745,190.08
15,1518.75,6.2043,723.0977,190.08
20,1529.969,6.2429,736.837,190.08
25,1541.145,6.2807,750.5021,190.08
30,1552.289,6.3178,764.1016,190.08
35,1563.41,6.3542,777.6427,190.08
-15,1444.368,5.8289,508.6798,236.17
-10,1456.647,5.876,520.7037,236.17
-5,1468.708,5.9214,532.5449,236.17
0,1480.59,5.9653,544.2305,236.17
5,1492.324,6.0079,555.7827,236.17
10,1503.937,6.0493,567.2196,236.17
15,1515.452,6.0896,578.5563,236.17
20,1526.885,6.1289,589.8055,236.17
25,1538.255,6.1674,600.9777,236.17
30,1549.573,6.2051,612.0821,236.17
35,1560.851,6.242,623.1262,236.17
40,1572.099,6.2782,634.1167,236.17
-10,1450.705,5.7569,418.3027,290.71
-5,1463.273,5.8042,428.2639,290.71
0,1475.595,5.8497,438.057,290.71
5,1487.714,5.8937,447.7072,290.71
10,1499.665,5.9363,457.2347,290.71
15,1511.478,5.9776,466.6564,290.71
20,1523.178,6.0179,475.9861,290.71
25,1534.785,6.0571,485.2353,290.71
30,1546.317,6.0955,494.4138,290.71
35,1557.788,6.133,503.5299,290.71
40,1569.21,6.1698,512.5904,290.71
45,1580.596,6.2059,521.6016,290.71
-5,1456.668,5.6877,346.6356,354.76
0,1469.55,5.7353,354.9727,354.76
5,1482.154,5.781,363.1542,354.76
10,1494.528,5.8251,371.2036,354.76
15,1506.714,5.8677,379.1398,354.76
20,1518.743,5.9091,386.9783,354.76
25,1530.642,5.9494,394.7319,354.76
30,1542.435,5.9886,402.4112,354.76
35,1554.141,6.0269,410.0251,354.76
40,1565.776,6.0644,417.5814,354.76
45,1577.353,6.101,425.0864,354.76
50,1588.886,6.137,432.5456,354.76
0,1462.24,5.6211,289.3115,429.39
5,1475.461,5.669,296.3574,429.39
10,1488.368,5.715,303.2586,429.39
15,1501.018,5.7593,310.037,429.39
20,1513.455,5.8021,316.7103,429.39
25,1525.715,5.8436,323.293,429.39
30,1537.829,5.8839,329.7969,429.39
35,1549.822,5.9231,336.232,429.39
40,1561.714,5.9614,342.6065,429.39
45,1573.524,5.9988,348.9275,429.39
50,1585.267,6.0354,355.2008,429.39
55,1596.957,6.0713,361.4317,429.39
5,1467.393,5.5568,243.0391,515.75
10,1480.98,5.6052,249.0486,515.75
15,1494.216,5.6515,254.9226,515.75
20,1507.162,5.6961,260.6818,515.75
25,1519.869,5.7391,266.343,515.75
30,1532.378,5.7807,271.9198,515.75
35,1544.721,5.821,277.4232,515.75
40,1556.927,5.8603,282.8625,515.75
45,1569.019,5.8986,288.2453,515.75
50,1581.016,5.9361,293.5783,515.75
55,1592.936,5.9727,298.8669,515.75
60,1604.793,6.0085,304.116,515.75
10,1472.114,5.4946,205.4257,615.05
15,1486.095,5.5436,210.5966,615.05
20,1499.683,5.5903,215.6398,615.05
25,1512.947,5.6352,220.5754,615.05
30,1525.944,5.6784,225.419,615.05
35,1538.718,5.7202,230.1835,615.05
40,1551.306,5.7607,234.8794,615.05
45,1563.74,5.8001,239.5154,615.05
50,1576.045,5.8385,244.0985,615.05
55,1588.242,5.876,248.635,615.05
60,1600.35,5.9126,253.1301,615.05
65,1612.385,5.9485,257.5881,615.05
15,1476.376,5.4344,174.6143,728.52
20,1490.783,5.484,179.1011,728.52
25,1504.75,5.5312,183.467,728.52
30,1518.355,5.5765,187.7312,728.52
35,1531.661,5.62,191.9089,728.52
40,1544.719,5.662,196.0121,728.52
45,1557.569,5.7027,200.0507,728.52
50,1570.245,5.7423,204.0331,728.52
55,1582.776,5.7808,207.9659,728.52
60,1595.186,5.8183,211.8549,728.52
65,1607.494,5.855,215.7051,728.52
70,1619.719,5.8909,219.5204,728.52
20,1480.157,5.3759,149.1978,857.48
25,1495.023,5.4262,153.1223,857.48
30,1509.397,5.474,156.9318,857.48
35,1523.367,5.5197,160.6447,857.48
40,1537.004,5.5636,164.2756,857.48
45,1550.365,5.6059,167.8362,857.48
50,1563.493,5.6468,171.3359,857.48
55,1576.428,5.6866,174.7824,857.48
60,1589.2,5.7252,178.1823,857.48
65,1601.836,5.7628,181.5408,857.48
70,1614.357,5.7996,184.8628,857.48
75,1626.781,5.8355,188.1519,857.48
25,1483.431,5.3188,128.0924,1003.24
30,1498.792,5.3699,131.5518,1003.24
35,1513.603,5.4184,134.901,1003.24
40,1527.965,5.4646,138.158,1003.24
45,1541.956,5.509,141.337,1003.24
50,1555.639,5.5516,144.4492,1003.24
55,1569.065,5.5929,147.5035,1003.24
60,1582.275,5.6328,150.5076,1003.24
65,1595.303,5.6716,153.4675,1003.24
70,1608.178,5.7094,156.3883,1003.24
75,1620.924,5.7463,159.2745,1003.24
80,1633.561,5.7823,162.1297,1003.24
30,1486.169,5.2631,110.4567,1167.2
35,1502.065,5.3151,113.5289,1167.2
40,1517.347,5.3643,116.4949,1167.2
45,1532.128,5.4112,119.3724,1167.2
50,1546.498,5.456,122.1752,1167.2
55,1560.526,5.4991,124.9143,1167.2
60,1574.268,5.5406,127.5983,1167.2
65,1587.77,5.5809,130.2344,1167.2
70,1601.07,5.6199,132.8286,1167.2
75,1614.198,5.6579,135.3857,1167.2
80,1627.182,5.6949,137.9099,1167.2
85,1640.045,5.7311,140.4048,1167.2
35,1488.34,5.2086,95.6325,1350.77
40,1504.816,5.2616,98.3806,1350.77
45,1520.605,5.3116,101.0256,1350.77
50,1535.837,5.3591,103.5853,1350.77
55,1550.612,5.4045,106.0731,1350.77
60,1565.007,5.448,108.4998,1350.77
65,1579.086,5.49,110.8739,1350.77
70,1592.898,5.5305,113.2021,1350.77
75,1606.486,5.5698,115.4904,1350.77
80,1619.884,5.6081,117.7433,1350.77
85,1633.12,5.6453,119.9649,1350.77
90,1646.221,5.6816,122.1585,1350.77
40,1489.908,5.1549,83.1008,1555.42
45,1507.015,5.2091,85.5764,1555.42
50,1523.352,5.2601,87.9514,1555.42
55,1539.069,5.3083,90.2434,1555.42
60,1554.277,5.3543,92.466,1555.42
65,1569.065,5.3984,94.6296,1555.42
70,1583.502,5.4408,96.7426,1555.42
75,1597.644,5.4817,98.8117,1555.42
80,1611.538,5.5213,100.8424,1555.42
85,1625.22,5.5598,102.8394,1555.42
90,1638.724,5.5972,104.8064,1555.42
95,1652.076,5.6338,106.7467,1555.42
45,1490.835,5.102,72.4498,1782.66
50,1508.629,5.1575,74.6954,1782.66
55,1525.56,5.2095,76.842,1782.66
60,1541.798,5.2586,78.9076,1782.66
65,1557.472,5.3053,80.9055,1782.66
70,1572.679,5.35,82.8464,1782.66
75,1587.498,5.3929,84.7383,1782.66
80,1601.991,5.4342,86.588,1782.66
85,1616.209,5.4742,88.4008,1782.66
90,1630.194,5.5129,90.1811,1782.66
95,1643.98,5.5507,91.9327,1782.66
100,1657.597,5.5874,93.6587,1782.66
50,1491.074,5.0497,63.3503,2034.03
55,1509.621,5.1067,65.4013,2034.03
60,1527.198,5.1598,67.3541,2034.03
65,1544,5.2099,69.2271,2034.03
70,1560.173,5.2574,71.034,2034.03
75,1575.83,5.3027,72.7853,2034.03
80,1591.056,5.3461,74.4892,2034.03
85,1605.923,5.3879,76.1521,2034.03
90,1620.485,5.4283,77.7793,2034.03
95,1634.79,5.4674,79.3753,2034.03
100,1648.875,5.5054,80.9436,2034.03
105,1662.772,5.5424,82.4873,2034.03
55,1490.572,4.9977,55.5375,2311.13
60,1509.95,5.0563,57.4236,2311.13
65,1528.231,5.1108,59.2114,2311.13
70,1545.644,5.1619,60.9203,2311.13
75,1562.356,5.2103,62.564,2311.13
80,1578.494,5.2563,64.1533,2311.13
85,1594.156,5.3003,65.6962,2311.13
90,1609.42,5.3427,67.1994,2311.13
95,1624.348,5.3835,68.6679,2311.13
100,1638.992,5.423,70.1063,2311.13
105,1653.394,5.4613,71.5178,2311.13
110,1667.588,5.4986,72.9056,2311.13
60,1489.267,4.9458,48.7972,2615.6
65,1509.568,5.0063,50.5436,2615.6
70,1528.622,5.0623,52.1909,2615.6
75,1546.699,5.1146,53.7593,2615.6
80,1563.992,5.1639,55.2631,2615.6
85,1580.648,5.2107,56.7132,2615.6
90,1596.776,5.2555,58.118,2615.6
95,1612.464,5.2984,59.4839,2615.6
100,1627.782,5.3397,60.8161,2615.6
105,1642.786,5.3796,62.1189,2615.6
110,1657.522,5.4183,63.3957,2615.6
115,1672.03,5.456,64.6496,2615.6
65,1487.085,4.8939,42.9551,2949.13
70,1508.419,4.9565,44.5835,2949.13
75,1528.326,5.0141,46.111,2949.13
80,1547.129,5.0677,47.5589,2949.13
85,1565.053,5.1181,48.9424,2949.13
90,1582.266,5.1659,50.2727,2949.13
95,1598.894,5.2113,51.5583,2949.13
100,1615.036,5.2549,52.8057,2949.13
105,1630.768,5.2968,54.0202,2949.13
110,1646.154,5.3372,55.206,2949.13
115,1661.245,5.3763,56.3665,2949.13
120,1676.084,5.4143,57.5047,
70,1483.94,4.8415,37.8682,3313.47
75,1506.439,4.9066,39.3976,3313.47
80,1527.294,4.9661,40.823,3313.47
85,1546.893,5.0212,42.1675,3313.47
90,1565.504,5.0728,43.4473,3313.47
95,1583.32,5.1215,44.6741,3313.47
100,1600.486,5.1679,45.8565,3313.47
105,1617.112,5.2121,47.0013,3313.47
110,1633.286,5.2546,48.1137,3313.47
115,1649.079,5.2956,49.198,3313.47
120,1664.546,5.3352,50.2577,3313.47
125,1679.736,5.3736,51.2955,3313.47
75,1479.724,4.7885,33.4187,3710.45
80,1503.553,4.8564,34.8662,3710.45
85,1525.47,4.9181,36.2049,3710.45
90,1545.949,4.9749,37.4608,3710.45
95,1565.31,5.0278,38.6511,3710.45
100,1583.779,5.0777,39.7881,3710.45
105,1601.524,5.1249,40.8809,3710.45
110,1618.67,5.1699,41.9365,3710.45
115,1635.317,5.2131,42.9601,3710.45
120,1651.542,5.2546,43.956,3710.45
125,1667.409,5.2947,44.9278,3710.45
130,1682.97,5.3336,45.8783,
80,1474.309,4.7344,29.5092,4141.97
85,1499.674,4.8057,30.8901,4141.97
90,1522.789,4.8698,32.1559,4141.97
95,1544.245,4.9285,33.3358,4141.97
100,1564.43,4.983,34.4487,4141.97
105,1583.611,5.034,35.5079,4141.97
110,1601.981,5.0823,36.5227,4141.97
115,1619.686,5.1282,37.5003,4141.97
120,1636.838,5.1721,38.4463,4141.97
125,1653.524,5.2143,39.3651,4141.97
130,1669.816,5.255,40.26,4141.97
135,1685.77,5.2943,41.134,4141.97
85,1467.531,4.6789,26.0581,4610.02
90,1494.698,4.7542,27.3871,4610.02
95,1519.177,4.8212,28.5923,4610.02
100,1541.726,4.882,29.7073,4610.02
105,1562.82,4.9382,30.7534,4610.02
110,1582.777,4.9906,31.7448,4610.02
115,1601.826,5.04,32.6914,4610.02
120,1620.133,5.0868,33.6009,4610.02
125,1637.826,5.1316,34.4789,4610.02
130,1655.004,5.1744,35.3299,4610.02
135,1671.748,5.2157,36.1573,4610.02
140,1688.12,5.2556,36.9642,4610.02
90,1459.186,4.6213,22.997,5116.72
95,1488.499,4.7015,24.2883,5116.72
100,1514.55,4.7718,25.4441,5116.72
105,1538.33,4.8351,26.5043,5116.72
110,1560.431,4.8932,27.4927,5116.72
115,1581.24,4.9471,28.425,5116.72
120,1601.026,4.9978,29.312,5116.72
125,1619.982,5.0457,30.1616,5116.72
130,1638.257,5.0913,30.9798,5116.72
135,1655.961,5.135,31.771,5116.72
140,1673.185,5.1769,32.539,5116.72
145,1690.001,5.2174,33.2866,5116.72
95,1449.005,4.5612,20.2677,5664.32
100,1480.927,4.6473,21.5361,5664.32
105,1508.81,4.7215,22.653,5664.32
110,1533.986,4.7877,23.667,5664.32
115,1557.21,4.8479,24.6058,5664.32
120,1578.956,4.9036,25.4867,5664.32
125,1599.544,4.9556,26.3214,5664.32
130,1619.204,5.0047,27.1182,5664.32
135,1638.103,5.0513,27.8835,5664.32
140,1656.371,5.0958,28.622,5664.32
145,1674.108,5.1384,29.3373,5664.32
150,1691.394,5.1795,30.0325,5664.32
